name,tipologia,wikidata_id,wikidata_label,birth_year,death_year,matched_as,match_status
Accademia Nazionale dei Lincei,"Istituzioni, associazioni ed enti pubblici",Q338432,Accademia Nazionale dei Lincei,,,Accademia Nazionale dei Lincei [it],found_no_dates
Accademia Reale d'Italia,"Istituzioni, associazioni ed enti pubblici",,,,,,not_found
(Regia) Accademia Scientifico Letteraria,"Istituzioni, associazioni ed enti pubblici",,,,,,not_found
Accetti Carlo E.,Contatti letterari,,,,,,not_found
Agenzia viaggi e navigazione Riboni,Varia,,,,,,not_found
Agosto Carlo,Varia,,,,,,not_found
Airoldi Aldo,Contatti letterari,Q117804627,Aldo Airoldi,,,Aldo Airoldi [en],found_no_dates
Albasini Scrosati Tagliasacchi Lena,Varia,,,,,,not_found
Albergo “Passo dello Stelvio”,Varia,,,,,,not_found
"Albergo Pensione Villa San Camillo, Forte dei Marmi",Varia,,,,,,not_found
Alberti Lucia e Guido,Contatti letterari,,,,,,not_found
Alberti Teresa,Varia,,,,,,not_found
Alberto Mondadori Editore,"Editori, riviste e quotidiani",,,,,,not_found
Alfred Lorentz,Varia,Q94898927,Alfred Lorentz,1841,1906,Alfred Lorentz [it],found
Alimento Mario,Ingegneria e divulgazione tecnica,,,,,,not_found
All'insegna del pesce d'oro (casa editrice),"Editori, riviste e quotidiani",,,,,,not_found
Allemano Giuseppe,Contatti letterari,,,,,,not_found
Allodoli Ettore,Contatti letterari,Q3733863,Ettore Allodoli,1882,1960,Ettore Allodoli [it],found
Ambrosi E.,Varia,,,,,,not_found
Ambrosi Paolo,Familiari,Q116152663,Paolo Ambrosi,,,Paolo Ambrosi [it],found_no_dates
L'Ambrosiano,"Editori, riviste e quotidiani",Q3817896,L'Ambrosiano,,,L'Ambrosiano [it],found_no_dates
Amicucci Ermanno,Contatti letterari,Q799111,Ermanno Amicucci,1890,1955,Ermanno Amicucci [it],found
Ammonia Casale,Ingegneria e divulgazione tecnica,,,,,,not_found
Anceschi Luciano,Contatti letterari,Q3838517,Luciano Anceschi,1911,1995,Luciano Anceschi [it],found
Andres Stefan,Contatti letterari,Q68036,Stefan Andres,1906,1970,Stefan Andres [it],found
Angeletti G.B.,Ingegneria e divulgazione tecnica,,,,,,not_found
Angeli,Varia,Q408809,Angeli,,,Angeli [it],found_no_dates
Angeli Adolfo,Contatti letterari,,,,,,not_found
Angelini Cesare,Contatti letterari,Q1122570,Cesare Angelini,1886,1976,Cesare Angelini [it],found
Angioletti Giovanni Battista,Contatti letterari,Q609875,Giovanni Battista Angioletti,1896,1961,Giovanni Battista Angioletti [it],found
ANSA,Varia,Q295760,ANSA,,,ANSA [it],found_no_dates
Ansaldo,Ingegneria e divulgazione tecnica,Q290188,Ansaldo,,,Ansaldo [it],found_no_dates
Ansaldo Giuseppe,Ingegneria e divulgazione tecnica,Q27078378,Giuseppe Ansaldo,1807,1883,Giuseppe Ansaldo [it],found
Ansaldo Matteo,Ingegneria e divulgazione tecnica,,,,,,not_found
Ansaldo Pietro,Ingegneria e divulgazione tecnica,,,,,,not_found
Anselmi Aldo,Contatti letterari,,,,,,not_found
Antonelli G.V.,Varia,,,,,,not_found
Antongini Gianni,Varia,,,,,,not_found
Antonicelli Franco,Contatti letterari,Q3751115,Franco Antonicelli,1902,1974,Franco Antonicelli [it],found
Antonini Giacomo,Contatti letterari,Q3023996,Giacomo Antonini,1901,1983,Giacomo Antonini [it],found
Antonini Gianni,Contatti letterari,,,,,,not_found
Apollonio Umbro,Contatti letterari,Q29368501,Umbro Apollonio,1911,1981,Umbro Apollonio [it],found
Appenzeller E.,Varia,,,,,,not_found
L'Approdo Letterario,"Editori, riviste e quotidiani",,,,,,not_found
Arbasino Alberto,Contatti letterari,Q521191,Alberto Arbasino,1930,2020,Alberto Arbasino [it],found
Arcurio Bruno,Varia,,,,,,not_found
Ardigò Dina,Contatti letterari,,,,,,not_found
Ardigò Fausto,Contatti letterari,Q109876909,Fausto Ardigò,1911,1944,Fausto Ardigò [it],found
Aretusa,"Editori, riviste e quotidiani",Q230067,Aretusa,,,Aretusa [it],found_no_dates
Argomenti,"Editori, riviste e quotidiani",Q28670380,Argomenti,,,Argomenti [it],found_no_dates
Arrigoni Giuseppe,Varia,Q29401144,Giuseppe Arrigoni,1811,1867,Giuseppe Arrigoni [it],found
Arrigoni Giuseppe e Angela,Varia,,,,,,not_found
Arrowsmith William,Contatti letterari,Q2577884,William Arrowsmith,1924,1991,William Arrowsmith [it],found
Arte e società,"Editori, riviste e quotidiani",,,,,,not_found
Artoni Giancarlo,Contatti letterari,,,,,,not_found
Association Guillaume Budé,"Istituzioni, associazioni ed enti pubblici",Q743204,Association Guillaume Budé,,,Association Guillaume Budé [it],found_no_dates
Associazione Giosuè Carducci,"Istituzioni, associazioni ed enti pubblici",,,,,,not_found
Associazione Goffredo Bellonci,"Istituzioni, associazioni ed enti pubblici",,,,,,not_found
Associazione italiana di amici della musica,"Istituzioni, associazioni ed enti pubblici",,,,,,not_found
Associazione italiana per i rapporti culturali con la Polonia,"Istituzioni, associazioni ed enti pubblici",,,,,,not_found
Associazione italiana per la libertà della cultura,"Istituzioni, associazioni ed enti pubblici",,,,,,not_found
Associazione per la diffusione del libro “Sodalizio del libro”,"Istituzioni, associazioni ed enti pubblici",,,,,,not_found
Autocombattente,Varia,,,,,,not_found
Avetta Alessandro,Ingegneria e divulgazione tecnica,,,,,,not_found
Azienda Carboni Italiani,Varia,Q3631440,Azienda Carboni Italiani,,,Azienda Carboni Italiani [it],found_no_dates
Babacci Luigi,Ingegneria e divulgazione tecnica,,,,,,not_found
Bacchelli Riccardo,Contatti letterari,Q650303,Riccardo Bacchelli,1891,1985,Riccardo Bacchelli [it],found
Baggini Romano,Varia,,,,,,not_found
Baglia Conti Nina,Varia,,,,,,not_found
Bagnato Enrico,Varia,,,,,,not_found
Balbo Lorenzo,Varia,Q84559182,Lorenzo Balbo,,,Lorenzo Balbo [it],found_no_dates
Baldacci Luigi,Contatti letterari,Q3839296,Luigi Baldacci,,,Luigi Baldacci [it],found_no_dates
Baldini Antonio,Contatti letterari,Q599687,Antonio Baldini,1889,1962,Antonio Baldini [it],found
Ballo Ferdinando,"Editori, riviste e quotidiani",Q55225275,Ferdinando Ballo,1906,1959,Ferdinando Ballo [it],found
Balzaretti Lina,Varia,,,,,,not_found
Banca Commerciale Italiana,Varia,Q2882013,Banca Commerciale Italiana,,,Banca Commerciale Italiana [it],found_no_dates
Banca Italo-Britannica,Varia,,,,,,not_found
Banca Popolare Cooperativa Anonima di Novara,Varia,,,,,,not_found
Banco di Santo Spirito,Varia,Q2520872,Banco di Santo Spirito,,,Banco di Santo Spirito [it],found_no_dates
Banco Italo-Sud Americano,Varia,,,,,,not_found
Banti Anna,Contatti letterari,Q470147,Anna Banti,1895,1985,Anna Banti [it],found
Barassi Ermanno,Varia,,,,,,not_found
Barbiano di Belgioioso Gavazzi Ernestina,Varia,,,,,,not_found
Barbieri Enrico,Varia,Q113562338,Enrico Barbieri,1818,1888,Enrico Barbieri [it],found
Bargellini Piero,Contatti letterari,Q3903157,Piero Bargellini,1897,1980,Piero Bargellini [it],found
"Barni Ferruccio, Paola e Gianluigi",Varia,,,,,,not_found
Bartolini Luigi,Contatti letterari,Q172346,Luigi Bartolini,1892,1963,Luigi Bartolini [it],found
Bassani,Varia,Q810468,Bassani,,,Bassani [it],found_no_dates
Bassani Giorgio,Contatti letterari,Q318309,Giorgio Bassani,1916,2000,Giorgio Bassani [it],found
Bassani Valeria,Contatti letterari,,,,,,not_found
"Bassani, G. L.",Varia,,,,,,not_found
Bassi Silvio,Varia,,,,,,not_found
Bauer Willy,Varia,Q8022528,Willy Bauer,1947,,Willy Bauer [it],found
Bazlen Bobi,Contatti letterari,,,,,,not_found
Becker Fehr & C.,Varia,,,,,,not_found
Becker L.W.,Varia,,,,,,not_found
Bellonci Maria,Contatti letterari,Q1080026,Maria Bellonci,1902,1986,Maria Bellonci [it],found
Belloni Mario,Varia,,,,,,not_found
Beltrami Fausto,Varia,,,,,,not_found
Beltrami Veneziani Giuliana,Contatti letterari,,,,,,not_found
Benco Silvio,Contatti letterari,Q3960835,Silvio Benco,1874,1949,Silvio Benco [it],found
Benedetti Arrigo,Contatti letterari,Q3623758,Arrigo Benedetti,1910,1976,Arrigo Benedetti [it],found
Benedetti Giulio,Contatti letterari,Q3769498,Giulio Benedetti,1893,1969,Giulio Benedetti [it],found
Benvenutti Angelina,Varia,,,,,,not_found
Benzoni Gina,Varia,,,,,,not_found
Berenson Bernard,Contatti letterari,Q359047,Bernard Berenson,1865,1959,Bernard Berenson [it],found
"Bernasconi, eredi",Varia,,,,,,not_found
Bertani e C. Industrie elettriche milanesi,Varia,,,,,,not_found
Bertoloni Angela,Varia,,,,,,not_found
Bertolucci Attilio,Contatti letterari,Q758132,Attilio Bertolucci,1911,2000,Attilio Bertolucci [it],found
Bertolucci Giuseppe,Contatti letterari,Q988072,Giuseppe Bertolucci,1947,2012,Giuseppe Bertolucci [it],found
Bertoni Luigi,Contatti letterari,Q131928,Luigi Bertoni,1872,1947,Luigi Bertoni [it],found
Besozzi Carlo,Amici,Q3659077,Carlo Besozzi,1738,1791,Carlo Besozzi [it],found
Besozzi Maria,Varia,,,,,,not_found
Besozzi Sandro,Varia,,,,,,not_found
Betocchi Carlo,Contatti letterari,Q2246931,Carlo Betocchi,1899,1986,Carlo Betocchi [it],found
Betti Ugo,Compagni di guerra e di prigionia,Q919103,Ugo Betti,1892,1953,Ugo Betti [it],found
Bevilacqua Sandro,Contatti letterari,Q126877422,Sandro Bevilacqua,1913,1985,Sandro Bevilacqua [it],found
Bianchi Bandinelli Ranuccio,Contatti letterari,Q471179,Ranuccio Bianchi Bandinelli,1900,1975,Ranuccio Bianchi Bandinelli [it],found
Bianchi Icilio,Contatti letterari,,,,,,not_found
Bianchini Bianca,Varia,Q96252911,Bianca Bianchini,1951,,Bianca Bianchini [it],found
Bies J. P.,Varia,,,,,,not_found
Bigongiari Piero,Contatti letterari,Q3903171,Piero Bigongiari,1914,1997,Piero Bigongiari [it],found
Bilenchi Mario,Contatti letterari,,,,,,not_found
Bilenchi Romano,Contatti letterari,Q1622100,Romano Bilenchi,1909,1989,Romano Bilenchi [it],found
Binni Piero,Varia,,,,,,not_found
Binni Walter,Contatti letterari,Q4017881,Walter Binni,1913,1997,Walter Binni [it],found
Biraghi Lossetti Italo,Varia,,,,,,not_found
Biroli,Varia,Q57307175,Biroli,,,Biroli [it],found_no_dates
Blanc Gian Alberto,Ingegneria e divulgazione tecnica,Q3762573,Gian Alberto Blanc,1879,1966,Gian Alberto Blanc [it],found
Bo Carlo,Contatti letterari,Q1041908,Carlo Bo,1911,2001,Carlo Bo [it],found
Bo Laura,Contatti letterari,,,,,,not_found
Bocelli Arnaldo,Contatti letterari,Q3623474,Arnaldo Bocelli,1900,1974,Arnaldo Bocelli [it],found
Boffa Ettore,Varia,,,,,,not_found
Boggio Marzet Albino,Compagni di guerra e di prigionia,,,,,,not_found
Bognetti Giovanni,Varia,Q55225717,Giovanni Bognetti,1868,1935,Giovanni Bognetti [it],found
Boldini M. G.,Varia,,,,,,not_found
Bollati Giulio,Contatti letterari,Q3769505,Giulio Bollati,1924,1996,Giulio Bollati [it],found
Bompiani (casa editrice),"Editori, riviste e quotidiani",,,,,,not_found
Bompiani Valentino,"Editori, riviste e quotidiani",Q1052458,Valentino Bompiani,1898,1992,Valentino Bompiani [it],found
Bonacci Libreria Editrice,"Editori, riviste e quotidiani",,,,,,not_found
Bonacelli Paolo,Varia,Q435677,Paolo Bonacelli,1937,2025,Paolo Bonacelli [it],found
Bonalumi Louis,Contatti letterari,Q88800210,Louis Bonalumi,1922,2004,Louis Bonalumi [en],found
Bonotti Giuseppe,Varia,,,,,,not_found
Bonsanti Alessandro,Contatti letterari,Q3609870,Alessandro Bonsanti,1904,1984,Alessandro Bonsanti [it],found
Bonzani Carlo Bartolomeo,Varia,,,,,,not_found
Borellini Guido,Varia,,,,,,not_found
Borenghi Aldo,Varia,,,,,,not_found
Bossi Luigi,Varia,Q3839377,Luigi Bossi,,,Luigi Bossi [it],found_no_dates
Bottai Giuseppe,Contatti letterari,Q751205,Giuseppe Bottai,1895,1959,Giuseppe Bottai [it],found
Bottega di poesia (casa editrice),"Editori, riviste e quotidiani",,,,,,not_found
Bottoni L.,Varia,,,,,,not_found
Bovati,Varia,Q99884501,Bovati,,,Bovati [it],found_no_dates
Bovati T.,Varia,,,,,,not_found
Bozza Tommaso,Contatti letterari,Q93268295,Tommaso Bozza,1903,2004,Tommaso Bozza [it],found
Brandi Cesare,Contatti letterari,Q1056780,Cesare Brandi,1906,1988,Cesare Brandi [it],found
Branzi Silvio,Contatti letterari,Q18155961,Silvio Branzi,1899,1976,Silvio Branzi [it],found
Bregani Rino,Varia,,,,,,not_found
Bronn J.,Ingegneria e divulgazione tecnica,,,,,,not_found
Brosio Gino,Contatti letterari,,,,,,not_found
Brugnoli Bruno,Varia,,,,,,not_found
Brunacci Argia e Giorgio,Contatti letterari,,,,,,not_found
Brunacci Lena,Varia,,,,,,not_found
Brunelli Fausto,Varia,,,,,,not_found
Bruno Ermanno,Varia,,,,,,not_found
Bugidami L.,Varia,,,,,,not_found
Burzio Filippo,Contatti letterari,Q3745125,Filippo Burzio,1891,1948,Filippo Burzio [it],found
Bussidori Piero,Varia,,,,,,not_found
Butti Enrique,Contatti letterari,Q120170026,Enrique Butti,1971,,Enrique Butti [en],found
Buzzati Dino,Contatti letterari,Q242095,Dino Buzzati,1906,1972,Dino Buzzati [en],found
Buzzi Rinaldo,Varia,,,,,,not_found
Cabella Giorgio,Contatti letterari,Q131424788,Giorgio Cabella,1909,1986,Giorgio Cabella [it],found
Cacherano d’Osasco Decio Carolina,Varia,,,,,,not_found
Caligaris Francesco,Varia,Q3749706,Francesco Caligaris,1824,1895,Francesco Caligaris [it],found
Caligaris Maria,Varia,,,,,,not_found
Calissano Luigi,Ingegneria e divulgazione tecnica,,,,,,not_found
Calleri Guido,Varia,Q89362145,Guido Calleri,,,Guido Calleri [en],found_no_dates
Camerino Aldo,Contatti letterari,Q27916023,Aldo Camerino,1901,1966,Aldo Camerino [it],found
Campagnoli M.,Varia,,,,,,not_found
Canossi Invernici Ada,Varia,,,,,,not_found
Capasso Aldo,Contatti letterari,Q3609149,Aldo Capasso,1909,1997,Aldo Capasso [it],found
Capobianco Vincenzo,Varia,,,,,,not_found
Caprotti Bettina,Varia,,,,,,not_found
Caprotti Giuseppe,Varia,Q55226488,Giuseppe Caprotti,1862,1919,Giuseppe Caprotti [it],found
Carabba R. (casa editrice),"Editori, riviste e quotidiani",,,,,,not_found
Carboncini Enzo,Varia,,,,,,not_found
Caretti Lanfranco,Contatti letterari,Q3826843,Lanfranco Caretti,1915,1995,Lanfranco Caretti [it],found
Carli O.,Varia,,,,,,not_found
Carocci Alberto,Contatti letterari,Q3608203,Alberto Carocci,1904,1972,Alberto Carocci [it],found
Carocci Eva,Contatti letterari,,,,,,not_found
Carolina Power & Light Company,Varia,,,,,,not_found
Carrozzari R.,Varia,,,,,,not_found
Carusi Nicolina,Varia,,,,,,not_found
Casa d'Europa,"Istituzioni, associazioni ed enti pubblici",,,,,,not_found
Casella Alberto,Contatti letterari,Q3608205,Alberto Casella,1891,1957,Alberto Casella [it],found
Cases Anna e Cesare,Contatti letterari,,,,,,not_found
Cassa nazionale di assistenza e previdenza tra gli scrittori italiani,"Istituzioni, associazioni ed enti pubblici",,,,,,not_found
Castelli (amministrazione),Varia,,,,,,not_found
Castelli (impresa costruzioni edilizie),Varia,,,,,,not_found
Castelli Ariberto,Varia,,,,,,not_found
Castelli Lina,Varia,,,,,,not_found
Castelli Luccio Carlo,Varia,,,,,,not_found
Castelli Riccardi Teresa,Varia,,,,,,not_found
Castellini Sighele Emma,Varia,,,,,,not_found
Castiglioni Manlio,Amici,Q16575438,Manlio Castiglioni,1897,1968,Manlio Castiglioni [it],found
Cattaneo Giulio e Cecilia,Contatti letterari,,,,,,not_found
"Cavaliè, Alberto",Varia,,,,,,not_found
Cavallari Alberto,Contatti letterari,Q1219464,Alberto Cavallari,1927,1998,Alberto Cavallari [it],found
Cecchi Dario,Contatti letterari,Q3702576,Dario Cecchi,1918,1992,Dario Cecchi [it],found
Cecchi Emilio,Contatti letterari,Q708563,Emilio Cecchi,1884,1966,Emilio Cecchi [it],found
Ceretti,Varia,Q18442756,Ceretti,,,Ceretti [it],found_no_dates
Cermignani Armando,Contatti letterari,Q3622905,Armando Cermignani,1888,1957,Armando Cermignani [it],found
Ceronetti Guido,Contatti letterari,Q955088,Guido Ceronetti,1927,2018,Guido Ceronetti [it],found
Cerquetti Walter,Contatti letterari,,,,,,not_found
Cesati Alfredo,Amici,,,,,,not_found
Cesati Franco,Amici,Q112379236,Franco Cesati,1958,,Franco Cesati [en],found
Cesati Tina,Amici,,,,,,not_found
Chataignier Maddalena,Varia,,,,,,not_found
Chiappelli Zdekauer Maria,Contatti letterari,,,,,,not_found
Chiara Piero,Contatti letterari,Q176736,Piero Chiara,1913,1986,Piero Chiara [it],found
Chigusa Ken,Contatti letterari,Q11405807,Ken Chigusa,1930,2014,Ken Chigusa [en],found
Chirò Felice,Amici,,,,,,not_found
Chirò Vincenzo,Amici,,,,,,not_found
Ciattini Mario,Varia,Q109857762,Mario Ciattini,1912,1988,Mario Ciattini [it],found
Cibotto Giantonio,Contatti letterari,,,,,,not_found
Cicala Sergio,Varia,,,,,,not_found
Ciceri Carla,Varia,,,,,,not_found
Cima Giovanni Vincenzo,Contatti letterari,Q3768362,Giovanni Vincenzo Cima,1893,1968,Giovanni Vincenzo Cima [it],found
Cimatti A.,Varia,,,,,,not_found
Cinquetti,Varia,Q16265759,Cinquetti,,,Cinquetti [it],found_no_dates
Cioci Piero,Varia,,,,,,not_found
Circolo Filologico Milanese,"Istituzioni, associazioni ed enti pubblici",Q25399951,Circolo Filologico Milanese,,,Circolo Filologico Milanese [it],found_no_dates
Circolo Unione Taranto,"Istituzioni, associazioni ed enti pubblici",,,,,,not_found
Cirella Adelchi,Varia,,,,,,not_found
Cirese Mario,Compagni di guerra e di prigionia,,,,,,not_found
Ciri Agostoni (casa editrice),"Editori, riviste e quotidiani",,,,,,not_found
Cita Alberto,Varia,,,,,,not_found
Citati Pietro,Contatti letterari,Q1230469,Pietro Citati,1930,2022,Pietro Citati [it],found
Citelli Angelo,Contatti letterari,,,,,,not_found
Clerici Fabrizio,Varia,Q1390849,Fabrizio Clerici,1913,1993,Fabrizio Clerici [it],found
Clerici Franco,Varia,Q16557482,Franco Clerici,1897,1934,Franco Clerici [it],found
Cogenel,Varia,,,,,,not_found
Cognetti Lina,Varia,,,,,,not_found
Colacicchi Giovanni,Contatti letterari,Q6998865,Giovanni Colacicchi,1900,1992,Giovanni Colacicchi [it],found
Colombo Antonio,Varia,Q1871938,Antonio Colombo,1938,,Antonio Colombo [it],found
Colombo Carlo,Varia,Q3659206,Carlo Colombo,1869,1918,Carlo Colombo [it],found
Colombo Elisa,Varia,Q91234176,Elisa Colombo,,,Elisa Colombo [it],found_no_dates
Colombo Emilio,Varia,Q312058,Emilio Colombo,1920,2013,Emilio Colombo [it],found
Colombo Enrico,Varia,Q17598438,Enrico Colombo,1930,2012,Enrico Colombo [it],found
Colonna A.,Varia,,,,,,not_found
"Comando III Corpo d’Armata, Milano","Istituzioni, associazioni ed enti pubblici",,,,,,not_found
Comando Littoriali del lavoro,"Istituzioni, associazioni ed enti pubblici",,,,,,not_found
"Comando Scuole del Corpo Reale Equipaggi Marittimi, Pola","Istituzioni, associazioni ed enti pubblici",,,,,,not_found
Comisso Giovanni,Contatti letterari,Q51186,Giovanni Comisso,1895,1969,Giovanni Comisso [it],found
Comitato per gli Istituti di beneficenza della città di Viareggio,"Istituzioni, associazioni ed enti pubblici",,,,,,not_found
Comité Bernois Section Italienne,"Istituzioni, associazioni ed enti pubblici",,,,,,not_found
Comité de Genève,"Istituzioni, associazioni ed enti pubblici",,,,,,not_found
Como Marina,Varia,Q107282233,Como Marina,,,Como Marina [en],found_no_dates
Compañia General de Fósforos,Ingegneria e divulgazione tecnica,,,,,,not_found
Comunità europea degli scrittori,"Istituzioni, associazioni ed enti pubblici",,,,,,not_found
Conenna,Varia,Q37569111,Conenna,,,Conenna [it],found_no_dates
Congresso nazionale delle arti figurative,Varia,,,,,,not_found
Consociazione Turistica Italiana,"Istituzioni, associazioni ed enti pubblici",,,,,,not_found
Consorzio grande bonificazione ferrarese,"Istituzioni, associazioni ed enti pubblici",,,,,,not_found
Conti,Varia,Q407415,Conti,,,Conti [it],found_no_dates
Conti Primo,Contatti letterari,Q2478132,Primo Conti,1900,1988,Primo Conti [it],found
Conti Vincenzo,Amici,Q40327188,Vincenzo Conti,,1685,Vincenzo Conti [it],found
Contini Gianfranco,Amici,Q689563,Gianfranco Contini,1912,1990,Gianfranco Contini [it],found
Contini Riccardo,Varia,Q62559674,Riccardo Contini,1956,,Riccardo Contini [it],found
Convegno internazionale Leone Tolstoj,Varia,,,,,,not_found
Corbellini Adele,Varia,,,,,,not_found
Cornici Alfredo,Ingegneria e divulgazione tecnica,,,,,,not_found
Corpi Remo,Varia,,,,,,not_found
“Corriere della Sera”,"Editori, riviste e quotidiani",,,,,,not_found
“Corriere di Milano”,"Editori, riviste e quotidiani",,,,,,not_found
“(Il) Corriere Padano”,"Editori, riviste e quotidiani",,,,,,not_found
Corsini Gianfranco,Contatti letterari,Q3763052,Gianfranco Corsini,1921,2010,Gianfranco Corsini [it],found
Cortellini Elena,Varia,,,,,,not_found
Cossetti Bisagli Itala,Varia,,,,,,not_found
Costa G.,Contatti letterari,Q52804847,G. Costa,,,G. Costa [it],found_no_dates
Credito Italiano,Varia,Q596970,Credito Italiano,,,Credito Italiano [it],found_no_dates
Credito Piemontese,Varia,,,,,,not_found
Crespi Emilio,Varia,,,,,,not_found
Croce Oreste,Varia,,,,,,not_found
Cruciani Sandro,Varia,,,,,,not_found
Cucchi Clara,Familiari,,,,,,not_found
Cucchi Paolo,Familiari,,,,,,not_found
Cucchi Piero,Familiari,Q3903214,Piero Cucchi,1939,2026,Piero Cucchi [it],found
Cya (casa editrice),"Editori, riviste e quotidiani",,,,,,not_found
D'Alessandri Pia,Varia,,,,,,not_found
D'Alessio Carlo,Varia,Q107189464,Carlo D'Alessio,http://www.wikidata.org/.well,1968,Carlo D'Alessio [it],found
D’Adda Giovanni,Varia,,,,,,not_found
Dabalà Maria e Andrea,Varia,,,,,,not_found
Dal Fabbro Beniamino,Contatti letterari,Q3638186,Beniamino Dal Fabbro,1910,1989,Beniamino Dal Fabbro [it],found
Damiano Andrea,Contatti letterari,Q62284590,Andrea Damiano,1900,1963,Andrea Damiano [it],found
Debenedetti [?],Varia,,,,,,not_found
Debenedetti Giacomo,Contatti letterari,Q472856,Giacomo Debenedetti,1901,1967,Giacomo Debenedetti [it],found
Debenedetti Renata,Contatti letterari,Q16595448,Renata Debenedetti,1907,1998,Renata Debenedetti [it],found
De Giorgi Elsa,Contatti letterari,Q518000,Elsa De Giorgi,1914,1997,Elsa De Giorgi [it],found
De Grada Raffaele,Contatti letterari,Q3417334,Raffaele De Grada,,,Raffaele De Grada [it],found_no_dates
Dejcan Salvatore,Varia,,,,,,not_found
De Kümmerlin Luigi,Ingegneria e divulgazione tecnica,,,,,,not_found
De Libero Libero,Contatti letterari,Q52800322,Libero De Libero,,,Libero De Libero [it],found_no_dates
Della Porta Franco,Varia,,,,,,not_found
Dell'Arco Mario,Contatti letterari,,,,,,not_found
Dell'Arco Maurizio e Fagiolo Elisa,Contatti letterari,,,,,,not_found
Dellarole Guido,Compagni di guerra e di prigionia,,,,,,not_found
Dell’Oro Dondena Lina,Varia,,,,,,not_found
Dell’Oro Emilio,Varia,,,,,,not_found
"Dell'Oro, famiglia",Varia,,,,,,not_found
Dell’Oro Tina,Varia,,,,,,not_found
Dell’Orto Luigi,Compagni di guerra e di prigionia,,,,,,not_found
Del Tredici Giulio,Varia,Q28058629,Giulio Del Tredici,1933,1994,Giulio Del Tredici [it],found
De Marchi A.,Varia,,,,,,not_found
De Matteis Carlo,Varia,Q21542830,Carlo De Matteis,1972,,Carlo De Matteis [it],found
De Pisis Filippo,Contatti letterari,Q661473,Filippo De Pisis,1896,1956,Filippo De Pisis [en],found
De Robertis Giuseppe,Contatti letterari,Q3770444,Giuseppe De Robertis,1888,1963,Giuseppe De Robertis [it],found
De Rosa Andrea,Varia,Q3615666,Andrea De Rosa,,,Andrea De Rosa [it],found_no_dates
Descalzo Giovanni,Contatti letterari,Q2648643,Giovanni Descalzo,1280,1349,Giovanni Descalzo [it],found
De Tavonati Luigi,Varia,,,,,,not_found
De Tavonati Wragovitz Marsura Olga,Varia,,,,,,not_found
Dettori Ugo,Contatti letterari,,,,,,not_found
Devoto Giacomo,Contatti letterari,Q964032,Giacomo Devoto,1897,1974,Giacomo Devoto [it],found
Didoni Domenica,Varia,,,,,,not_found
Die Tat,"Editori, riviste e quotidiani",Q878603,Die Tat,,,Die Tat [en],found_no_dates
Dini Camilla,Varia,,,,,,not_found
Dini Giorgio,Varia,Q114412649,Giorgio Dini,,,Giorgio Dini [en],found_no_dates
Doering Maria,Varia,Q104446865,Maria Doering,1877,1944,Maria Doering [en],found
Dolcetta,Varia,Q100521377,Dolcetta,,,Dolcetta [it],found_no_dates
Dopolavoro della Reale Accademia d'Italia,Varia,,,,,,not_found
Dosi Delfini Giancarlo,Amici,,,,,,not_found
Dosi Lalatta Pellina,Amici,,,,,,not_found
Dringoli Dino,Varia,,,,,,not_found
Drisaldi Marocco Rina,Varia,,,,,,not_found
Drucker Gabriella,Varia,,,,,,not_found
Dubini Antonio e Carla,Amici,,,,,,not_found
Du Seuil Editions,"Editori, riviste e quotidiani",,,,,,not_found
Eckstein Percy,Contatti letterari,Q1245476,Percy Eckstein,1899,1962,Percy Eckstein [it],found
Ederli Giulio,Compagni di guerra e di prigionia,,,,,,not_found
Einaudi (casa editrice),"Editori, riviste e quotidiani",,,,,,not_found
Einaudi Giulio,Contatti letterari,Q1264337,Giulio Einaudi,1912,1999,Giulio Einaudi [it],found
Electa (casa editrice),"Editori, riviste e quotidiani",,,,,,not_found
Emanuelli Enrico,Contatti letterari,Q3054633,Enrico Emanuelli,1909,1967,Enrico Emanuelli [it],found
"Emerenziana, suora",Varia,,,,,,not_found
“Emilia”,Varia,,,,,,not_found
Ente Italiano per le Audizioni Radiofoniche,"Istituzioni, associazioni ed enti pubblici",Q3726207,Ente Italiano per le Audizioni Radiofoniche,,,Ente Italiano per le Audizioni Radiofoniche [it],found_no_dates
Ente Radiofonico Italiano (E.R.I.),"Istituzioni, associazioni ed enti pubblici",,,,,,not_found
“Epoca”,"Editori, riviste e quotidiani",,,,,,not_found
Errante Vincenzo,Contatti letterari,Q4013244,Vincenzo Errante,,,Vincenzo Errante [it],found_no_dates
Evagrio Ermanno,Varia,,,,,,not_found
Evagrio Margherita,Varia,,,,,,not_found
Evagrio Vittorio,Varia,,,,,,not_found
Fabi Renato,Varia,,,,,,not_found
Fabre Agostino,Contatti letterari,,,,,,not_found
Fabrello Maria Pia,Varia,,,,,,not_found
Faccioli G.,Varia,,,,,,not_found
Fadin Sergio,Varia,,,,,,not_found
Fadini Sergio,Varia,,,,,,not_found
Fallani Bruno,Contatti letterari,,,,,,not_found
Falqui Enrico,Contatti letterari,Q3725753,Enrico Falqui,,,Enrico Falqui [it],found_no_dates
Fante Orazio,Varia,,,,,,not_found
Fanton Rodolfo,Varia,,,,,,not_found
Farina,Varia,Q422708,Farina,,,Farina [it],found_no_dates
Fascio di Milano. Gruppo Rionale “Benito Mussolini”,"Istituzioni, associazioni ed enti pubblici",,,,,,not_found
Fasiani Gian Maria,Varia,Q55227392,Gian Maria Fasiani,1887,1956,Gian Maria Fasiani [it],found
Feltrinelli,"Editori, riviste e quotidiani",Q1210494,Feltrinelli,,,Feltrinelli [it],found_no_dates
Fenoglio Carlo,Varia,,,,,,not_found
Fernandes Lorenzo,Varia,Q67210222,Lorenzo Fernandes,,,Lorenzo Fernandes [en],found_no_dates
Ferracini Carlo,Varia,,,,,,not_found
Ferraguti Alessandro,Varia,,,,,,not_found
Ferrando Gloria,Varia,,,,,,not_found
Ferrari F.,Varia,Q98672700,F. Ferrari,,,F. Ferrari [en],found_no_dates
Ferraris Felicina,Varia,,,,,,not_found
Ferraris Vittoria,Varia,,,,,,not_found
Ferraro Pietro,Ingegneria e divulgazione tecnica,Q3903868,Pietro Ferraro,1908,1974,Pietro Ferraro [it],found
Ferrata Giansiro,Contatti letterari,Q3763757,Giansiro Ferrata,1907,1986,Giansiro Ferrata [it],found
Ferrata Ginetta,Varia,,,,,,not_found
Ferrero Leo,Contatti letterari,Q3830244,Leo Ferrero,1903,1933,Leo Ferrero [it],found
Ferreti Giancarlo,Contatti letterari,,,,,,not_found
Ferri Luigi,Varia,Q3839632,Luigi Ferri,1868,1952,Luigi Ferri [it],found
Fersen,Varia,Q20826948,Fersen,,,Fersen [it],found_no_dates
“Fiera Letteraria”,"Editori, riviste e quotidiani",,,,,,not_found
“(Le) Figarò”,"Editori, riviste e quotidiani",,,,,,not_found
Filippini Felice,Contatti letterari,Q3742151,Felice Filippini,1917,1988,Felice Filippini [it],found
Finzi Bruno,Ingegneria e divulgazione tecnica,Q3645756,Bruno Finzi,1899,1974,Bruno Finzi [it],found
Fiorani Mario,Varia,,,,,,not_found
Fiorelli Fernando,Varia,,,,,,not_found
Fiorentini Felice,Ingegneria e divulgazione tecnica,,,,,,not_found
Flora Francesco,Contatti letterari,Q3749992,Francesco Flora,1891,1962,Francesco Flora [it],found
Flores Enrico,Contatti letterari,Q26265321,Enrico Flores,1936,2021,Enrico Flores [it],found
“Florida. Arte e cultura”,"Editori, riviste e quotidiani",,,,,,not_found
Forlano F.,Varia,,,,,,not_found
Fornasini Emilio,Familiari,,,,,,not_found
Fornasini Franca,Familiari,,,,,,not_found
Fornasini Gandoldi Annita,Familiari,,,,,,not_found
Fornasini Letizia,Familiari,,,,,,not_found
Fornasini Riccardo,Familiari,,,,,,not_found
Franceschi Nora,Varia,,,,,,not_found
Franceschini Maria,Varia,,,,,,not_found
Franchi Raffaello,Contatti letterari,Q52008816,Raffaello Franchi,1899,1949,Raffaello Franchi [it],found
Franci Adolfo,Contatti letterari,Q3828654,Adolfo Franci,1895,1954,Adolfo Franci [it],found
Frateili Armando,Contatti letterari,,,,,,not_found
Frey Ugo,Varia,,,,,,not_found
Freyrie Fenghi Matilde,Amici,,,,,,not_found
Freyrie Giangiacomo,Amici,,,,,,not_found
Friedrich Krupp Aktiengesellschaft Grusonwerk,Varia,,,,,,not_found
Frigerio Aldo e Carla,Varia,,,,,,not_found
Frigerio Mario Antonio,Varia,,,,,,not_found
Frigerio Panzerini Gina,Varia,,,,,,not_found
Frigerio Piana Zina,Varia,,,,,,not_found
Frignola Ermanno,Varia,,,,,,not_found
Frisoli Patrizia,Varia,,,,,,not_found
Frisoli Pietro,Varia,,,,,,not_found
Frisoli Vera,Varia,,,,,,not_found
Frullini Andrea,Varia,Q113769737,Andrea Frullini,,,Andrea Frullini [it],found_no_dates
Fulchignoni Enrico,Contatti letterari,Q1343770,Enrico Fulchignoni,1913,1988,Enrico Fulchignoni [it],found
Fumagalli Moroni Paola,Varia,,,,,,not_found
Fumagalli Paola,Varia,,,,,,not_found
Gabinetto scientifico letterario G. P. Vieusseux,"Istituzioni, associazioni ed enti pubblici",,,,,,not_found
Gadda Belloni Carlotta,Familiari,,,,,,not_found
Gadda Belloni Luisa,Familiari,,,,,,not_found
Gadda Bossi Ida,Familiari,,,,,,not_found
Gadda Carlo Macario,Familiari,,,,,,not_found
Gadda Clara,Familiari,,,,,,not_found
Gadda Conti Castellini Anna Maria,Familiari,,,,,,not_found
Gadda Conti Piero,Familiari,Q3903245,Piero Gadda Conti,1902,1999,Piero Gadda Conti [it],found
Gadda Conti Tilde,Familiari,,,,,,not_found
Gadda Cucchi Carlotta,Familiari,,,,,,not_found
Gadda Emilio,Familiari,,,,,,not_found
Gadda Enrico,Familiari,Q17484055,Enrico Gadda,1896,1918,Enrico Gadda [it],found
Gadda Enrico,Familiari,Q17484055,Enrico Gadda,1896,1918,Enrico Gadda [it],found
Gadda Fornasini Emilia,Familiari,,,,,,not_found
Gadda Francesco Ippolito,Familiari,,,,,,not_found
Gadda G.,Familiari,,,,,,not_found
Gadda Giuseppe,Familiari,Q3770603,Giuseppe Gadda,1822,1901,Giuseppe Gadda [it],found
Gadda Giuseppe,Familiari,Q3770603,Giuseppe Gadda,1822,1901,Giuseppe Gadda [it],found
Gadda Giuseppe (Peppino),Familiari,,,,,,not_found
Gadda Giuseppe (Pin),Familiari,,,,,,not_found
Gadda Lehr Adele,Familiari,,,,,,not_found
Gadda Osnago Paola,Familiari,,,,,,not_found
Gadda Paolino,Familiari,,,,,,not_found
Gadda Paolo,Familiari,Q124048173,Paolo Gadda,1801,1901,Paolo Gadda [en],found
Gadda Podestà Luisa,Familiari,,,,,,not_found
Gadda Portaluppi Luisa,Familiari,,,,,,not_found
Gadda Pozzi Marina,Familiari,,,,,,not_found
Gadda Rosa,Familiari,,,,,,not_found
Gadda Testori Giuditta,Familiari,,,,,,not_found
Galigani Adolfo Giulio,Varia,,,,,,not_found
Gallavresi Adele,Varia,,,,,,not_found
Gallavresi Enrico,Varia,,,,,,not_found
Galli,Varia,Q273854,Galli,,,Galli [it],found_no_dates
Galli G.,Varia,,,,,,not_found
Gallina Dionisia,Varia,,,,,,not_found
Gallina Egisto,Varia,,,,,,not_found
Gallina Pellegatta Rina,Varia,,,,,,not_found
Gallo Ugo,Contatti letterari,Q4002802,Ugo Gallo,1905,1957,Ugo Gallo [it],found
Gallone Arnaboldi Ernesto,Compagni di guerra e di prigionia,,,,,,not_found
Gandolfi Giovanni,Varia,Q123403588,Giovanni Gandolfi,1915,2004,Giovanni Gandolfi [it],found
Gandolfi Luigi,Varia,Q52149613,Luigi Gandolfi,1810,1869,Luigi Gandolfi [it],found
Gandolfi Teresa,Varia,,,,,,not_found
Garbin Vincenzo,Varia,,,,,,not_found
Garfì Continanza Marcella,Varia,,,,,,not_found
Gargiulo Alfredo,Contatti letterari,Q16525420,Alfredo Gargiulo,1876,1949,Alfredo Gargiulo [it],found
Gargiulo Olga,Contatti letterari,,,,,,not_found
Garin Eugenio,Contatti letterari,Q954692,Eugenio Garin,1909,2004,Eugenio Garin [it],found
Garzanti (casa editrice),"Editori, riviste e quotidiani",,,,,,not_found
Garzanti Livio,"Editori, riviste e quotidiani",Q3835613,Livio Garzanti,1921,2015,Livio Garzanti [it],found
Gatto Alfonso,Contatti letterari,Q2755854,Alfonso Gatto,1909,1976,Alfonso Gatto [it],found
“Gazzetta del Popolo”,"Editori, riviste e quotidiani",,,,,,not_found
“Il Gazzettino”,"Editori, riviste e quotidiani",,,,,,not_found
Gazzo Emanuel,Varia,,,,,,not_found
Gelli Pietro,Contatti letterari,,,,,,not_found
Genga Giovanni,Varia,,,,,,not_found
Gentile Federico,Contatti letterari,Q27966412,Federico Gentile,1904,1996,Federico Gentile [it],found
Gerardenghi B.,Varia,,,,,,not_found
Gerli E.,Varia,,,,,,not_found
Gerosa Nino,Varia,,,,,,not_found
Gersbach Markus,Varia,,,,,,not_found
Ghioni [Normania],Varia,,,,,,not_found
Ghiotto Giovanna,Varia,,,,,,not_found
Ghisi Federico,Varia,Q3741736,Federico Ghisi,1901,1975,Federico Ghisi [it],found
Ghisi Lina,Varia,,,,,,not_found
Giambartolomei Aldo,Ingegneria e divulgazione tecnica,,,,,,not_found
Giana Erminio,Varia,,,,,,not_found
Gianda Giovanni,Varia,,,,,,not_found
Giani Renato,Varia,Q20991209,Renato Giani,1900,2000,Renato Giani [it],found
Gianni Ada,Varia,,,,,,not_found
Gilles Daniel,Varia,Q65583395,Daniel Gilles,1972,,Daniel Gilles [en],found
Giordano Graziella,Varia,,,,,,not_found
Giorgi Ines,Varia,Q48257559,Ines Giorgi,,,Ines Giorgi [it],found_no_dates
“Il Giornale”,"Editori, riviste e quotidiani",,,,,,not_found
“Il Giornale d'Italia”,"Editori, riviste e quotidiani",,,,,,not_found
“Il Giorno”,"Editori, riviste e quotidiani",,,,,,not_found
Girolami Gina,Varia,,,,,,not_found
Giudici Luigi,Varia,,,,,,not_found
Giuseppe Massimo,Varia,,,,,,not_found
Giuso,Varia,,,,,,not_found
Gnesutta Bruno,Varia,,,,,,not_found
Gobbi Ambrogio,Amici,,,,,,not_found
Gobbi Lina,Varia,,,,,,not_found
Gobbi Mario,Varia,Q88878208,Mario Gobbi,1895,1941,Mario Gobbi [it],found
Gobbi Sigismondo,Varia,,,,,,not_found
Gobbi Ulisse,Varia,Q4003060,Ulisse Gobbi,1859,1940,Ulisse Gobbi [it],found
Goldoni Francesco,Ingegneria e divulgazione tecnica,,,,,,not_found
Gonzalez de Castillo Laura,Varia,,,,,,not_found
Gorgerino Giuseppe,Contatti letterari,,,,,,not_found
Gorni Guglielmo,Contatti letterari,Q3778927,Guglielmo Gorni,1945,2010,Guglielmo Gorni [it],found
Gottardi Virgilio,Varia,Q20007370,Virgilio Gottardi,1909,1972,Virgilio Gottardi [it],found
Granata Gino,Varia,,,,,,not_found
Grande Adriano,Contatti letterari,Q3605725,Adriano Grande,1897,1972,Adriano Grande [it],found
Gravelli Asvero,Varia,Q3627696,Asvero Gravelli,1902,1956,Asvero Gravelli [it],found
Graziadei Ercole ed Emma,Varia,,,,,,not_found
Greppi Carlo Emanuele,Varia,,,,,,not_found
Greppi Franco,Varia,,,,,,not_found
Griselli Italo,Varia,Q3804412,Italo Griselli,1880,1958,Italo Griselli [it],found
Gromo Mario,Contatti letterari,Q3848671,Mario Gromo,1901,1960,Mario Gromo [it],found
Grosso Antonietta,Varia,,,,,,not_found
Gruppo Rionale Fascista “G. Oberdan”,"Istituzioni, associazioni ed enti pubblici",,,,,,not_found
Gualtieri Giorgio,Varia,Q110609632,Giorgio Gualtieri,1600,1700,Giorgio Gualtieri [it],found
Guanda (casa editrice),"Editori, riviste e quotidiani",,,,,,not_found
Guanda Ugo,Contatti letterari,,,,,,not_found
Guarnieri (famiglia),Contatti letterari,,,,,,not_found
Guarnieri Antonietta,Contatti letterari,,,,,,not_found
Guarnieri Franca,Contatti letterari,,,,,,not_found
Guarnieri Giacomo,Contatti letterari,Q59534014,Giacomo Guarnieri,,,Giacomo Guarnieri [it],found_no_dates
Guarnieri Maria Pia,Contatti letterari,,,,,,not_found
Guarnieri Maria Vittoria,Contatti letterari,,,,,,not_found
Guarnieri Ortolani Anna,Contatti letterari,,,,,,not_found
Guarnieri Silvio,Contatti letterari,Q19721652,Silvio Guarnieri,1910,1992,Silvio Guarnieri [it],found
Guesin Fausto,Varia,,,,,,not_found
Guglielmetti Giacomo,Varia,,,,,,not_found
Guglielmi Angelo,Contatti letterari,Q3617032,Angelo Guglielmi,1929,2022,Angelo Guglielmi [it],found
Guglielmi Armando,Varia,,,,,,not_found
Haardt André,Varia,,,,,,not_found
Haefely Arthur,Varia,,,,,,not_found
Handley V. F.,Ingegneria e divulgazione tecnica,,,,,,not_found
Harrold A. W.,Ingegneria e divulgazione tecnica,,,,,,not_found
Hederer Felix,Varia,,,,,,not_found
“L'Herne”,"Editori, riviste e quotidiani",,,,,,not_found
Hoepli (casa editrice),"Editori, riviste e quotidiani",,,,,,not_found
Hofer,Varia,Q1037292,Hofer,,,Hofer [it],found_no_dates
Hruber Irene,Varia,,,,,,not_found
Invernici Enrico,Compagni di guerra e di prigionia,,,,,,not_found
Invernizzi Emilio,Ingegneria e divulgazione tecnica,,,,,,not_found
Isella Dante,Contatti letterari,Q674132,Dante Isella,1922,2007,Dante Isella [it],found
Isotta Fraschini (fabbrica automobili),Varia,,,,,,not_found
Issopi,Ingegneria e divulgazione tecnica,,,,,,not_found
Istituto d'alta cultura,"Istituzioni, associazioni ed enti pubblici",,,,,,not_found
Istituto de cultura hispanica,"Istituzioni, associazioni ed enti pubblici",,,,,,not_found
(Reale) Istituto di studi romani,"Istituzioni, associazioni ed enti pubblici",,,,,,not_found
Istituto espagnol de la lengua y la literatura,"Istituzioni, associazioni ed enti pubblici",,,,,,not_found
Istituto italiano di studi germanici,"Istituzioni, associazioni ed enti pubblici",,,,,,not_found
Istituto Nazionale della Previdenza Sociale,"Istituzioni, associazioni ed enti pubblici",,,,,,not_found
Istituto nazionale per le relazioni culturali con l'estero,"Istituzioni, associazioni ed enti pubblici",,,,,,not_found
"(Regio) Istituto Nautico Vittorio Emanuele II, Genova","Istituzioni, associazioni ed enti pubblici",,,,,,not_found
Istituto Orsoline in Salò,"Istituzioni, associazioni ed enti pubblici",,,,,,not_found
Istituto per la storia del Risorgimento italiano,"Istituzioni, associazioni ed enti pubblici",Q3803800,Istituto per la storia del Risorgimento italiano,,,Istituto per la storia del Risorgimento italiano [it],found_no_dates
(Regio) Istituto Tecnico Superiore di Milano,"Istituzioni, associazioni ed enti pubblici",,,,,,not_found
“Italia”,"Editori, riviste e quotidiani",,,,,,not_found
“Italianistica”,"Editori, riviste e quotidiani",,,,,,not_found
Janner Arminio,Varia,Q55675039,Arminio Janner,1886,1949,Arminio Janner [it],found
Joari G.,Varia,,,,,,not_found
Justicia Mario,Varia,,,,,,not_found
Kaye S. A.,Varia,,,,,,not_found
Keller Augusto,Varia,,,,,,not_found
Kientz L.,Varia,,,,,,not_found
Kolzmann Elisabeth,Varia,,,,,,not_found
Korn Horst,Varia,Q114226803,Horst Korn,,,Horst Korn [en],found_no_dates
Kowalenko Katia,Varia,,,,,,not_found
La Malfa Ugo,Varia,Q1248333,Ugo La Malfa,1903,1979,Ugo La Malfa [it],found
Landolfi Tommaso,Contatti letterari,Q560541,Tommaso Landolfi,1908,1979,Tommaso Landolfi [it],found
Landoni Edoardo,Varia,,,,,,not_found
Lanza Giuseppe,Varia,Q3770781,Giuseppe Lanza,,,Giuseppe Lanza [it],found_no_dates
Lanzi A.,Varia,,,,,,not_found
Lasi Maria Giuseppina,Varia,,,,,,not_found
Laurini Luigi,Varia,,,,,,not_found
Lauro Italo,Varia,,,,,,not_found
Lavarino Antonio,Varia,,,,,,not_found
Lazzoni Moreschi di Deusi Renato,Varia,,,,,,not_found
Lehr Angela,Familiari,,,,,,not_found
Lehr Assunta,Familiari,,,,,,not_found
Lehr Carlo,Familiari,,,,,,not_found
Lehr Luigia,Familiari,,,,,,not_found
Lehr Razzini Maria,Familiari,,,,,,not_found
Lehr Vatta Carolina,Familiari,,,,,,not_found
Le Monnier (casa editrice),"Editori, riviste e quotidiani",,,,,,not_found
Leonetto Leoni,Varia,,,,,,not_found
Lequesne André,Varia,,,,,,not_found
“Letteratura”,"Editori, riviste e quotidiani",,,,,,not_found
“La Letteratura Italiana”,"Editori, riviste e quotidiani",,,,,,not_found
“Lettere d'oggi”,"Editori, riviste e quotidiani",,,,,,not_found
“Lettere ed Arti”,"Editori, riviste e quotidiani",,,,,,not_found
“La Lettura”,"Editori, riviste e quotidiani",,,,,,not_found
Liberati Adele,Varia,,,,,,not_found
Liberati Giovanni e famiglia,Varia,,,,,,not_found
Liberati Giuseppina,Varia,,,,,,not_found
Liberati Mario,Varia,,,,,,not_found
Librairie Louis Laffitte,Varia,,,,,,not_found
Libreria Internazionale Fratelli Treves,Varia,,,,,,not_found
Libreria Internazionale Seeber,Varia,,,,,,not_found
“Libri e riviste d'Italia”,"Editori, riviste e quotidiani",,,,,,not_found
(Regio) Liceo-Ginnasio “G. Parini”,"Istituzioni, associazioni ed enti pubblici",,,,,,not_found
Lignarolo Giovanni,Varia,,,,,,not_found
Linati Carlo,Contatti letterari,Q3659525,Carlo Linati,1878,1949,Carlo Linati [it],found
Lind Siv,Varia,,,,,,not_found
Lisi Giuseppe,Varia,Q92695039,Giuseppe Lisi,1929,,Giuseppe Lisi [it],found
Lloyd Sabaudo,Varia,Q2878113,Lloyd Sabaudo,,,Lloyd Sabaudo [it],found_no_dates
Lombardi Cesare,Varia,Q108251086,Cesare Lombardi,1900,1971,Cesare Lombardi [it],found
Longanesi (casa editrice),"Editori, riviste e quotidiani",,,,,,not_found
Longanesi Leo,"Editori, riviste e quotidiani",Q1818677,Leo Longanesi,1905,1957,Leo Longanesi [it],found
Longhi Antonio,Varia,,,,,,not_found
Longhi Roberto,Contatti letterari,Q1361667,Roberto Longhi,1890,1970,Roberto Longhi [it],found
Longor Mario,Varia,,,,,,not_found
Lorenzetti Nella,Varia,,,,,,not_found
Loria Arturo,Contatti letterari,Q3624556,Arturo Loria,1902,1957,Arturo Loria [it],found
Loyé Franz,Varia,,,,,,not_found
Lucarelli Margherita,Varia,,,,,,not_found
Luna Enrico,Varia,,,,,,not_found
Lunetta Mario,Varia,Q3848740,Mario Lunetta,1934,2017,Mario Lunetta [it],found
Lux Film,"Istituzioni, associazioni ed enti pubblici",Q3840934,Lux Film,,,Lux Film [it],found_no_dates
Luzi Mario,Contatti letterari,Q723569,Mario Luzi,1914,2005,Mario Luzi [it],found
Macchi Gino,Varia,,,,,,not_found
Macchia Giovanni,Contatti letterari,Q1403600,Giovanni Macchia,1912,2001,Giovanni Macchia [it],found
Macrí Oreste,Contatti letterari,,,,,,not_found
Maffioli M.,Varia,,,,,,not_found
Maggioni Luciana,Varia,,,,,,not_found
Maggiore E.,Varia,,,,,,not_found
Magli Adriano,Varia,Q3605739,Adriano Magli,1920,1988,Adriano Magli [it],found
Magnani Gino,Varia,,,,,,not_found
Malaparte Curzio,Contatti letterari,Q312637,Curzio Malaparte,1898,1957,Curzio Malaparte [it],found
Malatini Franco,Varia,,,,,,not_found
Malferrari C. L.,Varia,,,,,,not_found
Malgeri Francesco,Varia,Q80976091,Francesco Malgeri,1934,,Francesco Malgeri [it],found
Mandelli Guido,Varia,,,,,,not_found
Manea Giuseppe,Varia,,,,,,not_found
Manescalchi Amedeo,Varia,Q126680884,Amedeo Manescalchi,1891,1962,Amedeo Manescalchi [it],found
Manfred F. Ernest,Varia,,,,,,not_found
Manfredi Francesco,Ingegneria e divulgazione tecnica,Q63859950,Francesco Manfredi,1877,,Francesco Manfredi [it],found
Manifatture Martiny,Varia,,,,,,not_found
Mansa Maria Luisa,Varia,,,,,,not_found
Manzini Gianna,Contatti letterari,Q3105245,Gianna Manzini,1896,1974,Gianna Manzini [it],found
Marchetti Domenico,Amici,Q3713112,Domenico Marchetti,1626,1688,Domenico Marchetti [it],found
Marchetti Gaetano,Varia,Q112118183,Gaetano Marchetti,1907,,Gaetano Marchetti [it],found
Marchetti Liliana,Varia,,,,,,not_found
Marchetti Maddalena,Amici,,,,,,not_found
Marchetti Vittoria,Varia,,,,,,not_found
Mariani Anna,Varia,Q123876984,Anna Mariani,1970,,Anna Mariani [en],found
Mariani Edoardo,Amici,Q3719617,Edoardo Mariani,1893,1956,Edoardo Mariani [it],found
Mariani Giulio,Varia,,,,,,not_found
Mariani Maria,Varia,,,,,,not_found
Mariani Rocco,Varia,,,,,,not_found
Marris Anna,Varia,,,,,,not_found
Martegiani Carlo,Varia,,,,,,not_found
Martinelli Onofrio,Contatti letterari,Q19407696,Onofrio Martinelli,1900,1966,Onofrio Martinelli [it],found
Martinetti Piero,Contatti letterari,Q2092904,Piero Martinetti,1872,1943,Piero Martinetti [it],found
Martini Quinto,Contatti letterari,Q3927942,Quinto Martini,1908,1990,Quinto Martini [it],found
Martini Quinto,Contatti letterari,Q3927942,Quinto Martini,1908,1990,Quinto Martini [it],found
Martini Raul,Varia,,,,,,not_found
Marussi Garibaldo,Contatti letterari,Q3758359,Garibaldo Marussi,1909,1973,Garibaldo Marussi [it],found
Mattai del Moro Ercole,Amici,,,,,,not_found
Mattai del Moro Giuseppe,Amici,,,,,,not_found
Mattai del Moro Linda,Amici,,,,,,not_found
Mattai del Moro Maria,Amici,,,,,,not_found
“Il Mattino”,"Editori, riviste e quotidiani",,,,,,not_found
“Il Mattino dell'Italia Centrale”,"Editori, riviste e quotidiani",,,,,,not_found
“Il Mattino di Roma”,"Editori, riviste e quotidiani",,,,,,not_found
Melani Raffaello,Varia,Q3929255,Raffaello Melani,1883,1958,Raffaello Melani [it],found
Mella A. L.,Varia,,,,,,not_found
Menici L. (ditta di mobili),Varia,,,,,,not_found
Menna Antonio e Ottorina,Varia,,,,,,not_found
Merck Louis,Varia,Q1871860,Louis Merck,1854,1913,Louis Merck [it],found
Merli Gianfranco,Varia,Q20953789,Gianfranco Merli,1924,1998,Gianfranco Merli [it],found
Messina Francesco,Contatti letterari,Q2528299,Francesco Messina,1900,1995,Francesco Messina [it],found
Metta Anna Maria,Varia,,,,,,not_found
Micchettoni Livia,Varia,,,,,,not_found
Mila Massimo,Varia,Q3851367,Massimo Mila,1910,1988,Massimo Mila [it],found
Militz Carl,Varia,,,,,,not_found
“Minerva. Rivista delle riviste”,"Editori, riviste e quotidiani",,,,,,not_found
Miniati Gianni,Varia,,,,,,not_found
"Ministero dell’Agricoltura e delle Foreste. Ente di colonizzazione del latifondo siciliano, Palermo","Istituzioni, associazioni ed enti pubblici",,,,,,not_found
Ministero dell’Educazione Nazionale,"Istituzioni, associazioni ed enti pubblici",,,,,,not_found
Miretti Alessandrina,Varia,,,,,,not_found
Mississippi River Power Company,Varia,Q117157470,Mississippi River Power Company,,,Mississippi River Power Company [en],found_no_dates
Modello Spiga Imelde,Varia,,,,,,not_found
Molanti (casa editrice),"Editori, riviste e quotidiani",,,,,,not_found
Monachesi Graziella,Varia,Q125055127,Graziella Monachesi,,,Graziella Monachesi [it],found_no_dates
Mondadori Alberto,"Editori, riviste e quotidiani",Q3608456,Alberto Mondadori,1914,1976,Alberto Mondadori [it],found
Monsalvato (casa editrice),"Editori, riviste e quotidiani",,,,,,not_found
Monsati Giannina,Varia,,,,,,not_found
Montale Eugenio,Contatti letterari,Q83174,Eugenio Montale,1896,1981,Eugenio Montale [it],found
Montanari Carlotta,Varia,Q16832207,Carlotta Montanari,1981,,Carlotta Montanari [it],found
Montanari E.,Varia,,,,,,not_found
Montanelli Indro,Contatti letterari,Q327914,Indro Montanelli,1909,2001,Indro Montanelli [it],found
Montano Lorenzo,Contatti letterari,Q3837018,Lorenzo Montano,1893,1958,Lorenzo Montano [it],found
Montano Lorenzo,Contatti letterari,Q3837018,Lorenzo Montano,1893,1958,Lorenzo Montano [it],found
Montecatini. Società Generale per l'industria mineraria ed agricoltura,Varia,,,,,,not_found
Montesi Vittorino,Varia,,,,,,not_found
Monza (Comune),Varia,,,,,,not_found
Mor F.,Varia,,,,,,not_found
Morante Elsa,Contatti letterari,Q275979,Elsa Morante,1912,1985,Elsa Morante [it],found
Moretto Saverio,Varia,,,,,,not_found
Moroni Paola,Varia,,,,,,not_found
Morosini,Varia,Q242828,Morosini,,,Morosini [it],found_no_dates
Morucchio Berto,Varia,,,,,,not_found
Morucchio Guzzetti Gabriella,Varia,,,,,,not_found
Mosca Giovanni,Contatti letterari,Q3767790,Giovanni Mosca,1908,1983,Giovanni Mosca [it],found
Moser Wladimir,Varia,,,,,,not_found
Mostra di Lorenzo Lotto,Varia,,,,,,not_found
Mostra di Pablo Picasso,Varia,,,,,,not_found
Mueller,Varia,Q1951751,Mueller,,,Mueller [it],found_no_dates
Murani Eliseo,Varia,,,,,,not_found
Murru Giampaolo,Varia,,,,,,not_found
Musizza,Compagni di guerra e di prigionia,,,,,,not_found
Muzio A.,Varia,,,,,,not_found
Nascimbeni Carolina,Varia,,,,,,not_found
Natoli Glauco,Contatti letterari,Q3771913,Glauco Natoli,1908,1964,Glauco Natoli [it],found
“La Nazione”,"Editori, riviste e quotidiani",,,,,,not_found
Neri Pozza editore,"Editori, riviste e quotidiani",,,,,,not_found
Ney Ernesto,Contatti letterari,,,,,,not_found
Ney Flora,Varia,,,,,,not_found
Ney Riccardo,Varia,,,,,,not_found
Neyer Al.,Varia,,,,,,not_found
Nicastro L.,Varia,,,,,,not_found
Nicolai Giorgio,Varia,,,,,,not_found
Nizzola Monneret Lucia,Varia,,,,,,not_found
Noferi Adelia,Contatti letterari,Q109735588,Adelia Noferi,1922,2014,Adelia Noferi [it],found
Nonveiller Roberto,Contatti letterari,Q63249216,Roberto Nonveiller,1917,1959,Roberto Nonveiller [it],found
Nonveiller Vittorina,Contatti letterari,,,,,,not_found
Notari Umberto,Contatti letterari,Q4003450,Umberto Notari,1878,1950,Umberto Notari [it],found
Nous Mario,Varia,,,,,,not_found
Novaro Angiolo Silvio,Contatti letterari,Q2560882,Angiolo Silvio Novaro,1866,1938,Angiolo Silvio Novaro [it],found
Novelli Gino,Varia,Q52809741,Gino Novelli,,,Gino Novelli [it],found_no_dates
“Nuova Antologia”,"Editori, riviste e quotidiani",,,,,,not_found
“Nuove edizioni italiane”,"Editori, riviste e quotidiani",,,,,,not_found
“Nuovi argomenti”,"Editori, riviste e quotidiani",,,,,,not_found
“Il Nuovo Corriere”,"Editori, riviste e quotidiani",,,,,,not_found
“Officina”,"Editori, riviste e quotidiani",,,,,,not_found
Officina Tipografica Gregoriana Editrice,"Editori, riviste e quotidiani",,,,,,not_found
Officine Meccaniche Stigler,Varia,,,,,,not_found
“Oficina de cooperacion intelectual”,"Istituzioni, associazioni ed enti pubblici",,,,,,not_found
“Oggi”,"Editori, riviste e quotidiani",,,,,,not_found
Oliva Antonio,Varia,Q3619967,Antonio Oliva,1827,1886,Antonio Oliva [it],found
Oppo Cipriano Efisio,Contatti letterari,Q3677445,Cipriano Efisio Oppo,1890,1962,Cipriano Efisio Oppo [it],found
Orlandi Giulia,Varia,Q17631790,Giulia Orlandi,1987,,Giulia Orlandi [it],found
Ortolani Bruno,Varia,,,,,,not_found
Orvieto Vivante Annalia,Varia,,,,,,not_found
Osella Secondo,Varia,,,,,,not_found
Osnago Giuseppe (Peppo),Varia,,,,,,not_found
Osnago Luigi,Varia,,,,,,not_found
Osti Gino,Varia,,,,,,not_found
Owen Peter (casa editrice),"Editori, riviste e quotidiani",,,,,,not_found
Pagani Enrico,Varia,Q3725960,Enrico Pagani,1929,1998,Enrico Pagani [it],found
Paganini Angelina,Varia,,,,,,not_found
“Palatina”,"Editori, riviste e quotidiani",,,,,,not_found
Palestrino Gustavo,Varia,,,,,,not_found
Paletti Gino,Varia,,,,,,not_found
Pancrazi Pietro,Contatti letterari,Q3904127,Pietro Pancrazi,1893,1952,Pietro Pancrazi [it],found
Panigatti F.lli,Varia,,,,,,not_found
“Panorama”,"Editori, riviste e quotidiani",,,,,,not_found
Papi Roberto,Contatti letterari,,,,,,not_found
Pappalepore Nicolai,Varia,,,,,,not_found
“Paragone”,"Editori, riviste e quotidiani",,,,,,not_found
“Parallelo”,"Editori, riviste e quotidiani",,,,,,not_found
Parenti Carlo,Contatti letterari,Q44063153,Carlo Parenti,,,Carlo Parenti [it],found_no_dates
Parenti F.lli (casa editrice),"Editori, riviste e quotidiani",,,,,,not_found
Parini Colombi Rosetta,Varia,,,,,,not_found
Parini Silvio,Varia,,,,,,not_found
Parise Goffredo,Contatti letterari,Q1132008,Goffredo Parise,1929,1986,Goffredo Parise [it],found
Parronchi Alessandro,Contatti letterari,Q3610195,Alessandro Parronchi,1914,2007,Alessandro Parronchi [it],found
Partito Liberale Italiano,"Istituzioni, associazioni ed enti pubblici",Q508733,Partito Liberale Italiano,,,Partito Liberale Italiano [it],found_no_dates
Partito nazionale fascista. Direttorio nazionale,"Istituzioni, associazioni ed enti pubblici",,,,,,not_found
Partito nazionale fascista. Fascio di Buenos Aires,"Istituzioni, associazioni ed enti pubblici",,,,,,not_found
Partito nazionale fascista. Gruppo universitario fascista,"Istituzioni, associazioni ed enti pubblici",,,,,,not_found
Pasolini Pier Paolo,Contatti letterari,Q25120,Pier Paolo Pasolini,1922,1975,Pier Paolo Pasolini [it],found
Pasquali Giorgio,Contatti letterari,Q325105,Giorgio Pasquali,1885,1952,Giorgio Pasquali [it],found
Pasqualini Maria,Varia,,,,,,not_found
"Pasquotti, famiglia",Varia,,,,,,not_found
Paternostro Sandro,Varia,Q3948272,Sandro Paternostro,1922,2000,Sandro Paternostro [it],found
Pavesi Pietro,Varia,Q1394931,Pietro Pavesi,1844,1907,Pietro Pavesi [it],found
Pavolini Alessandro,Contatti letterari,Q742284,Alessandro Pavolini,1903,1945,Alessandro Pavolini [it],found
Pavolini Corrado,Contatti letterari,Q3694295,Corrado Pavolini,1898,1980,Corrado Pavolini [it],found
Pavolini Paolo Emilio,Contatti letterari,Q3894017,Paolo Emilio Pavolini,1864,1942,Paolo Emilio Pavolini [it],found
Pedotti R.,Ingegneria e divulgazione tecnica,,,,,,not_found
Pellegrini Alessandro,Varia,Q18224288,Alessandro Pellegrini,1964,,Alessandro Pellegrini [it],found
Penna Sandro,Amici,Q982945,Sandro Penna,1906,1977,Sandro Penna [it],found
Penzo Mario,Varia,,,,,,not_found
Pepe Carlo Filippo,Varia,,,,,,not_found
Pera Maria,Varia,,,,,,not_found
Peragallo Francesco,Varia,,,,,,not_found
Perotto Augusto,Varia,,,,,,not_found
Persini Rosa,Varia,,,,,,not_found
Perugini Andrea,Varia,Q139381764,Andrea Perugini,,,Andrea Perugini [it],found_no_dates
Pestelli Leo,Contatti letterari,Q17635382,Leo Pestelli,1909,1976,Leo Pestelli [it],found
Peterich Werner,Varia,Q2562248,Werner Peterich,1929,2023,Werner Peterich [it],found
Petrantoni Augusto,Varia,,,,,,not_found
Petrocchi Giorgio,Contatti letterari,Q3106909,Giorgio Petrocchi,1921,1989,Giorgio Petrocchi [it],found
Petroni Guglielmo,Contatti letterari,Q3778990,Guglielmo Petroni,1911,1993,Guglielmo Petroni [it],found
Piatto Anna,Varia,,,,,,not_found
Piazzi Filippo,Varia,,,,,,not_found
Picchi Mario,Varia,Q3848961,Mario Picchi,1930,2010,Mario Picchi [it],found
Piccinelli,Varia,Q54878611,Piccinelli,,,Piccinelli [it],found_no_dates
Piccioni Leone,Contatti letterari,Q3830536,Leone Piccioni,1925,2018,Leone Piccioni [it],found
Piccioni Osanna,Varia,,,,,,not_found
“(Il) Piccolo”,"Editori, riviste e quotidiani",,,,,,not_found
Pieraccini Cecchi Leonetta,Varia,,,,,,not_found
Pieraccini Rolando,Varia,Q11891138,Rolando Pieraccini,1939,,Rolando Pieraccini [it],found
Pietrantoni Antonio,Ingegneria e divulgazione tecnica,Q3620037,Antonio Pietrantoni,1874,1952,Antonio Pietrantoni [it],found
Pina Luigi,Varia,,,,,,not_found
Pincherle Onofrio Adriana,Contatti letterari,,,,,,not_found
Pineider Francesco,Varia,Q58238760,Francesco Pineider,,,Francesco Pineider [it],found_no_dates
Pinggera Therese,Varia,,,,,,not_found
Pini Vittorio,Varia,,,,,,not_found
Pintor Giaime,Contatti letterari,Q3762354,Giaime Pintor,1919,1943,Giaime Pintor [it],found
Piovene Guido,Contatti letterari,Q1080042,Guido Piovene,1907,1974,Guido Piovene [it],found
Pirani Luigi,Ingegneria e divulgazione tecnica,,,,,,not_found
"Pistelli, famiglia",Varia,,,,,,not_found
Pizzini Vittorio E.,Varia,,,,,,not_found
Podestà Dario,Familiari,,,,,,not_found
"Podestà, famiglia",Familiari,,,,,,not_found
Podestà Giuseppe,Familiari,Q124797484,Giuseppe Podestà,1886,1964,Giuseppe Podestà [it],found
Podestà Luisa,Familiari,,,,,,not_found
Poidomani Cartia Giorgia,Varia,,,,,,not_found
“Il Polifilo”,"Editori, riviste e quotidiani",,,,,,not_found
Pollini Maria,Varia,,,,,,not_found
Pompilj Luigi,Varia,,,,,,not_found
Ponchiroli Daniele,Varia,Q59329035,Daniele Ponchiroli,1924,1979,Daniele Ponchiroli [it],found
“Il Ponte”,"Editori, riviste e quotidiani",,,,,,not_found
Pontiggia Giuseppe,Contatti letterari,Q1179618,Giuseppe Pontiggia,1934,2003,Giuseppe Pontiggia [it],found
“Il Popolo d’Italia”,"Editori, riviste e quotidiani",,,,,,not_found
“Il Popolo di Roma”,"Editori, riviste e quotidiani",,,,,,not_found
"Pozzi, famiglia",Varia,,,,,,not_found
Pozzoli Arturo,Varia,,,,,,not_found
Prati Francesco,Ingegneria e divulgazione tecnica,Q114309630,Francesco Prati,,,Francesco Prati [en],found_no_dates
Prati Francisco,Ingegneria e divulgazione tecnica,Q94636251,Francisco Prati,1887,1974,Francisco Prati [en],found
Pratolini Vasco,Contatti letterari,Q558295,Vasco Pratolini,1913,1991,Vasco Pratolini [it],found
Praz Mario,Contatti letterari,Q981971,Mario Praz,1896,1982,Mario Praz [it],found
Prefetto di Roma,"Istituzioni, associazioni ed enti pubblici",,,,,,not_found
Premio Campiello,Contatti letterari,Q2108706,Premio Campiello,,,Premio Campiello [it],found_no_dates
Premio Giacomo Debenedetti,Contatti letterari,,,,,,not_found
Premio Letterario Viareggio,Contatti letterari,,,,,,not_found
Premio Strega,Contatti letterari,Q731542,Premio Strega,,,Premio Strega [it],found_no_dates
Premio Taranto,Contatti letterari,,,,,,not_found
Preziotti Vincenzo,Varia,,,,,,not_found
Primaria Sartoria Toma,Varia,,,,,,not_found
“Primato: lettere e arti d’Italia”,"Editori, riviste e quotidiani",,,,,,not_found
“Primi piani”,"Editori, riviste e quotidiani",,,,,,not_found
Prina Virginia e Alice,Varia,,,,,,not_found
Prisco Michele,Contatti letterari,Q2365691,Michele Prisco,1920,2003,Michele Prisco [it],found
Prodotti Chimici Napoli,Varia,,,,,,not_found
“Prosa. Quaderni internazionali”,"Editori, riviste e quotidiani",,,,,,not_found
Pucci Piero,Varia,Q125299484,Piero Pucci,,,Piero Pucci [en],found_no_dates
Pulini Paolo,Varia,,,,,,not_found
Punzo Giorgio,Varia,Q3765696,Giorgio Punzo,1911,2005,Giorgio Punzo [it],found
Puricelli Elena,Varia,,,,,,not_found
Puricelli Ronchetti Mina,Varia,,,,,,not_found
Querini di S. Moisé Angelo,Varia,,,,,,not_found
Quintavalle Adele,Varia,,,,,,not_found
Quintavalle Aldo,Varia,,,,,,not_found
Quintavalle Carlo,Varia,Q16537112,Carlo Quintavalle,1932,1989,Carlo Quintavalle [it],found
R.A.I.,"Istituzioni, associazioni ed enti pubblici",,,,,,not_found
Radice (Montecatini – Società Generale per l’Industria Mineraria ed Agricola Anonima),Varia,,,,,,not_found
Radius Emilio,Contatti letterari,Q18812221,Emilio Radius,1904,1988,Emilio Radius [it],found
Raineri Andrea,Compagni di guerra e di prigionia,,,,,,not_found
Ramat Silvio,Contatti letterari,Q3960933,Silvio Ramat,1939,,Silvio Ramat [it],found
Ramperti Carlo,Varia,,,,,,not_found
Rancilio Carlo,Varia,,,,,,not_found
Rappi Lehr Isabella,Familiari,,,,,,not_found
“La Rassegna d'Italia”,"Editori, riviste e quotidiani",,,,,,not_found
Ratti Ambrogio,Varia,,,,,,not_found
Ratti Carla,Varia,,,,,,not_found
Ratti Ernestina,Varia,,,,,,not_found
Ratti Fermo,Varia,,,,,,not_found
Ratti Franco,Ingegneria e divulgazione tecnica,,,,,,not_found
Ravajoli Francesco,Varia,,,,,,not_found
Ravasio G.,Varia,,,,,,not_found
Re Domenico,Varia,,,,,,not_found
Re Vittorio,Varia,,,,,,not_found
Rea Domenico,Contatti letterari,Q3713208,Domenico Rea,1921,1994,Domenico Rea [it],found
Reggimento Alpini,"Istituzioni, associazioni ed enti pubblici",,,,,,not_found
Regione Sicilia. Assessorato alla Pubblica Istruzione,"Istituzioni, associazioni ed enti pubblici",,,,,,not_found
Regondi Maffi Fiordalice,Varia,,,,,,not_found
Reia Letizia,Varia,,,,,,not_found
Rendu A.,Varia,,,,,,not_found
Repetto,Varia,Q2144998,Repetto,,,Repetto [it],found_no_dates
Revel Bruno,Varia,Q91017627,Bruno Revel,1895,1959,Bruno Revel [it],found
Rhikert J. H.,Varia,,,,,,not_found
Riccardo Ricciardi (casa editrice),"Editori, riviste e quotidiani",,,,,,not_found
“La Riforma Letteraria”,"Editori, riviste e quotidiani",,,,,,not_found
Rigamonti,Varia,Q15842468,Rigamonti,,,Rigamonti [it],found_no_dates
Rigoni Stern Mario,Contatti letterari,Q558097,Mario Rigoni Stern,1921,2008,Mario Rigoni Stern [it],found
Ripa di Meana Lodovica,Contatti letterari,,,,,,not_found
Risi Adolfo e Mariella,Varia,,,,,,not_found
Riva Giovanni,Varia,Q109886197,Giovanni Riva,1890,1973,Giovanni Riva [it],found
Riva Giulio,Varia,,,,,,not_found
Rivista di cultura classica e medievale,"Editori, riviste e quotidiani",,,,,,not_found
Rizzi Minoprio,Varia,,,,,,not_found
Rizzoli (casa editrice),"Editori, riviste e quotidiani",,,,,,not_found
Roberti Giuseppe,Varia,Q21542046,Giuseppe Roberti,1874,1938,Giuseppe Roberti [it],found
Rocca Enrico,Varia,Q3726033,Enrico Rocca,1847,1915,Enrico Rocca [it],found
Rocca Ernesto,Varia,,,,,,not_found
Rochotti Aldo,Varia,,,,,,not_found
Rodocanachi Lucia,Contatti letterari,Q42315480,Lucia Rodocanachi,1901,1978,Lucia Rodocanachi [it],found
Rogeno (Comune),Varia,,,,,,not_found
Romagnoli Mosca Giuseppe,Varia,,,,,,not_found
Rompani,Varia,Q2165241,Rompani,,,Rompani [it],found_no_dates
Ronchetti Carlo,Familiari,,,,,,not_found
Ronchetti Dondena Lena,Familiari,,,,,,not_found
Ronchetti Emilio Gabriele,Familiari,,,,,,not_found
Ronchetti Enrico,Familiari,,,,,,not_found
Ronchetti Francesco,Familiari,Q59815705,Francesco Ronchetti,,,Francesco Ronchetti [it],found_no_dates
Ronchetti Lavezzari Cleofe,Familiari,,,,,,not_found
Ronchetti Maria,Familiari,,,,,,not_found
Ronchetti Marisa,Familiari,,,,,,not_found
Ronchetti Marisa,Familiari,,,,,,not_found
Ronchetti Meier Mina,Familiari,,,,,,not_found
Ronchetti Muzio,Familiari,,,,,,not_found
Ronchetti Pietro,Familiari,,,,,,not_found
Ronchetti Puricelli Mina,Familiari,,,,,,not_found
Ronchetti Querini Luisa,Familiari,,,,,,not_found
Ronchetti Tina,Familiari,,,,,,not_found
Ronchetti Tina,Familiari,,,,,,not_found
Ronchetti Vittorio,Familiari,Q55072026,Vittorio Ronchetti,1874,1944,Vittorio Ronchetti [en],found
Roncoroni Angelo,Varia,,,,,,not_found
Ronzoni,Varia,Q33129684,Ronzoni,,,Ronzoni [it],found_no_dates
Rosa & Ballo Editori,"Editori, riviste e quotidiani",,,,,,not_found
Rosa Letizia,Varia,Q57626833,Rosa Letizia,,,Rosa Letizia [it],found_no_dates
Rosario Assunto,Varia,Q17652015,Rosario Assunto,1915,1994,Rosario Assunto [it],found
Rosati Salvatore,Varia,Q80194911,Salvatore Rosati,1895,1976,Salvatore Rosati [it],found
Roscioni Giancarlo,Contatti letterari,,,,,,not_found
Rosenthal Raymond,Contatti letterari,Q7299117,Raymond Rosenthal,1914,1995,Raymond Rosenthal [it],found
Rosina Tito,Varia,Q57037288,Tito Rosina,1899,1958,Tito Rosina [it],found
Rospi Daniele,Varia,,,,,,not_found
Rossi Daniele,Ingegneria e divulgazione tecnica,Q3702069,Daniele Rossi,1987,,Daniele Rossi [it],found
Rossi Franco,Ingegneria e divulgazione tecnica,Q1040240,Franco Rossi,1919,2000,Franco Rossi [it],found
Rossi Vera,Ingegneria e divulgazione tecnica,,,,,,not_found
Rossini Flaviana,Varia,,,,,,not_found
Rotary Internazionale,Varia,,,,,,not_found
Ruggieri,Varia,Q3452946,Ruggieri,,,Ruggieri [it],found_no_dates
Rugiadini,Varia,,,,,,not_found
Rumor Mariano,Varia,Q316288,Mariano Rumor,1915,1990,Mariano Rumor [it],found
“La Ruota”,"Editori, riviste e quotidiani",,,,,,not_found
Rusca Carla,Varia,,,,,,not_found
Rusca Luigi,Contatti letterari,Q124117,Luigi Rusca,1758,1822,Luigi Rusca [it],found
Russo Labriola Gaetano,Varia,,,,,,not_found
Russo Luigi,Contatti letterari,Q3840114,Luigi Russo,1892,1961,Luigi Russo [it],found
Russo Paolo,Varia,Q3894445,Paolo Russo,1960,,Paolo Russo [it],found
Russo Sara,Varia,,,,,,not_found
“Il Saggiatore”,"Editori, riviste e quotidiani",,,,,,not_found
Sala Antonino,Varia,,,,,,not_found
Salaris Carlo,Varia,,,,,,not_found
Salavoli Antonio,Varia,,,,,,not_found
Salvadori Giancarlo,Varia,,,,,,not_found
Sameghini Valtorta Elena,Varia,,,,,,not_found
Samson,Varia,Q79319,Samson,,,Samson [it],found_no_dates
Sani Massimo,Varia,Q3851455,Massimo Sani,1929,2018,Massimo Sani [it],found
Sansoni (casa editrice),"Editori, riviste e quotidiani",,,,,,not_found
Santagostino Guido,Ingegneria e divulgazione tecnica,,,,,,not_found
Santagostino R.,Varia,,,,,,not_found
Santi Piero,Contatti letterari,Q28665927,Piero Santi,1923,2007,Piero Santi [it],found
Santoloce Maria,Varia,,,,,,not_found
Sassella Stefano,Compagni di guerra e di prigionia,,,,,,not_found
Saurgnani Teresina,Varia,,,,,,not_found
Savinio Alberto,Contatti letterari,Q691973,Alberto Savinio,1891,1952,Alberto Savinio [it],found
Scarpa Gino,Contatti letterari,Q11972013,Gino Scarpa,1924,2022,Gino Scarpa [en],found
Scerbanenco Giorgio,Contatti letterari,Q910392,Giorgio Scerbanenco,1911,1969,Giorgio Scerbanenco [it],found
Schiaffini Alfredo,Contatti letterari,Q2646367,Alfredo Schiaffini,1895,1971,Alfredo Schiaffini [it],found
Schmidt C.,Varia,Q95233524,C. Schmidt,1822,,C. Schmidt [en],found
Sciaccaluga Edoardo,Compagni di guerra e di prigionia,,,,,,not_found
Sciascio Peppino,Varia,,,,,,not_found
Scollo Giovanni,Varia,,,,,,not_found
Scurati Ines,Varia,,,,,,not_found
Segàla Renzo,Varia,,,,,,not_found
Semenza Alberto,Amici,,,,,,not_found
Semenza Aldo,Amici,,,,,,not_found
Semenza Antonio,Amici,,,,,,not_found
Semenza Bruno,Amici,,,,,,not_found
Semenza Carlo,Amici,Q3659848,Carlo Semenza,1893,1961,Carlo Semenza [it],found
Semenza Enrico,Amici,,,,,,not_found
Semenza Erminia,Amici,,,,,,not_found
Semenza Ghisi Valentina,Amici,,,,,,not_found
Semenza Gianna,Amici,,,,,,not_found
Semenza Luigi,Amici,,,,,,not_found
Semenza Lydia,Amici,,,,,,not_found
Semenza Marco,Amici,,,,,,not_found
Semenza Maria Luisa,Amici,,,,,,not_found
Semenza Mario,Amici,,,,,,not_found
Sensini,Varia,Q2271323,Sensini,,,Sensini [it],found_no_dates
Seroni Adriano,Contatti letterari,Q21541834,Adriano Seroni,1918,1990,Adriano Seroni [it],found
“Sette giorni”,"Editori, riviste e quotidiani",,,,,,not_found
Siciliano Enzo,Contatti letterari,Q1180362,Enzo Siciliano,1934,2006,Enzo Siciliano [it],found
Siemens,Varia,Q81230,Siemens,,,Siemens [it],found_no_dates
Siemens/Schuckert werke,Varia,,,,,,not_found
Sigaux Gabriel,Varia,,,,,,not_found
Simon Michel,Varia,Q124112,Michel Simon,1895,1975,Michel Simon [it],found
Sindacato interprovinciale fascista dei giornalisti,"Istituzioni, associazioni ed enti pubblici",,,,,,not_found
Sindacato nazionale scrittori,"Istituzioni, associazioni ed enti pubblici",,,,,,not_found
Sinistro Eva,Varia,,,,,,not_found
Società anonima “Mario Alberto”,Varia,,,,,,not_found
Società Anonima Franco Tosi,Varia,,,,,,not_found
Società Anonima Italiana Alfol,Varia,,,,,,not_found
Società anonima italiana Philips,Varia,,,,,,not_found
Società anonima per l'assicurazione incendio,Varia,,,,,,not_found
Società Antonio Badoni,Varia,,,,,,not_found
Società Chimica Cuneese,Varia,,,,,,not_found
Società editrice bolognese,"Editori, riviste e quotidiani",,,,,,not_found
Società editrice Il Giorno,"Editori, riviste e quotidiani",,,,,,not_found
Società Elettrica Sarda,Varia,Q110878642,Società Elettrica Sarda,,,Società Elettrica Sarda [en],found_no_dates
Società europea di cultura,"Istituzioni, associazioni ed enti pubblici",,,,,,not_found
Società Fratelli Galtarossa,Varia,,,,,,not_found
Società generale italiana Edison,Varia,,,,,,not_found
Società generale per l’industria mineraria ed agricola “Montecatini”,Varia,,,,,,not_found
"Società industriali elettriche, Torino",Varia,,,,,,not_found
Società Industrie Elettriche Torino,Varia,,,,,,not_found
Società Italiana Autori ed Editori,"Istituzioni, associazioni ed enti pubblici",,,,,,not_found
Società Italiana di Credito,Varia,,,,,,not_found
Società Italiana Pirelli,Varia,,,,,,not_found
Società italiana ricerche industriali,Varia,,,,,,not_found
Società Leonardo da Vinci,Varia,,,,,,not_found
Società lombarda per  distribuzione di energia elettrica,Ingegneria e divulgazione tecnica,,,,,,not_found
Società Mutua di Assicurazioni E.I.E.,Varia,,,,,,not_found
"Società per il magnesio e leghe del magnesio, Bolzano",Ingegneria e divulgazione tecnica,,,,,,not_found
"Società per la stagionatura e l’assaggio della sete ed affini, Milano",Varia,,,,,,not_found
Società Toscana Azoto,Varia,,,,,,not_found
Società umanitaria formazione Lorgna,Varia,,,,,,not_found
Soffredi Adriana,Varia,,,,,,not_found
“Solaria”,"Editori, riviste e quotidiani",,,,,,not_found
Solmi Sergio,Contatti letterari,Q3479689,Sergio Solmi,1899,1981,Sergio Solmi [it],found
Soresina Peppino,Varia,,,,,,not_found
Sottero G.,Varia,,,,,,not_found
Southern California Edison Company,Varia,,,,,,not_found
Spada Renato,Varia,Q3932803,Renato Spada,1894,1971,Renato Spada [it],found
Sparavieri M.,Varia,,,,,,not_found
Spaziani Maria Luisa,Contatti letterari,Q2529303,Maria Luisa Spaziani,1922,2014,Maria Luisa Spaziani [it],found
Sperling and Kupfer,"Editori, riviste e quotidiani",,,,,,not_found
Squarcia Francesco,Contatti letterari,,,,,,not_found
Stato della Città del Vaticano,Ingegneria e divulgazione tecnica,,,,,,not_found
Stefanile Mario,Varia,Q19357792,Mario Stefanile,1910,1977,Mario Stefanile [it],found
Stella,Varia,Q11181,Stella,,,Stella [it],found_no_dates
Stoppa Lamberto,Varia,,,,,,not_found
(La) Strozzina,"Istituzioni, associazioni ed enti pubblici",,,,,,not_found
“Studi italiani di filologia classica”,"Editori, riviste e quotidiani",,,,,,not_found
“Studi letterari”,"Editori, riviste e quotidiani",,,,,,not_found
Stuparich Giani,Contatti letterari,Q325308,Giani Stuparich,1891,1961,Giani Stuparich [it],found
Tacchini Carlo,Varia,Q23307852,Carlo Tacchini,1943,2021,Carlo Tacchini [it],found
Tamburini Eugenio,Varia,,,,,,not_found
Tanzi Drusilla (Mosca),Contatti letterari,,,,,,not_found
Tapparelli Giuseppina,Varia,,,,,,not_found
Tarchiani Lucio,Varia,,,,,,not_found
Tarchini Maria,Varia,,,,,,not_found
Taverna Piero,Varia,,,,,,not_found
Tecchi Bonaventura,Compagni di guerra e di prigionia,Q660260,Bonaventura Tecchi,1896,1968,Bonaventura Tecchi [it],found
Tecchi Clara,Varia,,,,,,not_found
Techner Henrietta M.,Varia,,,,,,not_found
Temella Ada,Varia,,,,,,not_found
“Il Tempo”,"Editori, riviste e quotidiani",,,,,,not_found
"“Il Tempo”, edizione di Milano","Editori, riviste e quotidiani",,,,,,not_found
“Tempo presente”,"Editori, riviste e quotidiani",,,,,,not_found
Tenenti Ambrogio,Varia,,,,,,not_found
“Termini. Rivista di cultura”,"Editori, riviste e quotidiani",,,,,,not_found
Terracini Enrico,Varia,Q28150066,Enrico Terracini,1909,1991,Enrico Terracini [it],found
Terruccio Maria,Varia,,,,,,not_found
Terzaghi Adalgisa,Varia,,,,,,not_found
Terzi Ottone,Compagni di guerra e di prigionia,Q63959077,Ottone Terzi,1897,,Ottone Terzi [it],found
Testa Italo Augusto,Varia,,,,,,not_found
Ticozzi Carlo,Varia,,,,,,not_found
Timpanaro Sebastiano,Contatti letterari,Q981517,Sebastiano Timpanaro,1923,2000,Sebastiano Timpanaro [it],found
Tirelli Mara,Varia,,,,,,not_found
Tirelli Maria Teresa,Varia,,,,,,not_found
Tirelli Pinuccia,Varia,,,,,,not_found
Tirelli Raffaele,Varia,,,,,,not_found
Tirinnanzi Nino,Contatti letterari,Q3877235,Nino Tirinnanzi,1923,2002,Nino Tirinnanzi [it],found
Tofanelli Arturo,Contatti letterari,Q50375825,Arturo Tofanelli,1908,1994,Arturo Tofanelli [it],found
Tonelli Luigi,Contatti letterari,Q52156664,Luigi Tonelli,1890,1939,Luigi Tonelli [it],found
Torrisi Annalisa,Varia,,,,,,not_found
Toselli Giovanni,Varia,Q12951829,Giovanni Toselli,1819,1886,Giovanni Toselli [en],found
Touring Club Italiano,"Istituzioni, associazioni ed enti pubblici",Q1069349,Touring Club Italiano,,,Touring Club Italiano [it],found_no_dates
Traverso Leone,Contatti letterari,Q1113945,Leone Traverso,1910,1968,Leone Traverso [it],found
Treccani Ernesto,Contatti letterari,Q461935,Ernesto Treccani,1920,2009,Ernesto Treccani [it],found
“(La) Tribuna”,"Editori, riviste e quotidiani",,,,,,not_found
Triglia Antonio,Varia,Q41500550,Antonio Triglia,,,Antonio Triglia [it],found_no_dates
Truffi Emilio,Varia,,,,,,not_found
Truffi Riccardo,Varia,,,,,,not_found
Truffi Tiziano,Varia,,,,,,not_found
Tundo Luigi,Varia,,,,,,not_found
Turini Rossano,Varia,,,,,,not_found
Ulivi Ferruccio,Contatti letterari,Q3743820,Ferruccio Ulivi,1912,2002,Ferruccio Ulivi [it],found
“(L') Umanità”,"Editori, riviste e quotidiani",,,,,,not_found
Unesco,"Istituzioni, associazioni ed enti pubblici",Q121091152,Unesco,,,Unesco [en],found_no_dates
Ungaretti Giuseppe,Contatti letterari,Q311802,Giuseppe Ungaretti,1888,1970,Giuseppe Ungaretti [it],found
Unione nazionale ufficiali in congedo d’Italia,"Istituzioni, associazioni ed enti pubblici",,,,,,not_found
Unione Tipografico/Editrice Torinese,"Editori, riviste e quotidiani",,,,,,not_found
Università Cattolica del Sacro Cuore,"Istituzioni, associazioni ed enti pubblici",Q229022,Università Cattolica del Sacro Cuore,,,Università Cattolica del Sacro Cuore [it],found_no_dates
Università degli Studi di Milano,"Istituzioni, associazioni ed enti pubblici",Q46210,Università degli Studi di Milano,,,Università degli Studi di Milano [it],found_no_dates
(Regia) Università di Milano,"Istituzioni, associazioni ed enti pubblici",,,,,,not_found
Università di Roma. Istituto di Patologia Medica,"Istituzioni, associazioni ed enti pubblici",,,,,,not_found
Vaglia F.,Varia,,,,,,not_found
Valdani Vittorio,Ingegneria e divulgazione tecnica,,,,,,not_found
Valeri Diego,Contatti letterari,Q615053,Diego Valeri,1887,1976,Diego Valeri [it],found
Valeri Manera Mario,Contatti letterari,,,,,,not_found
Valgimigli Manara,Contatti letterari,Q3844245,Manara Valgimigli,1876,1965,Manara Valgimigli [it],found
Valier Caronetto Marietta,Varia,,,,,,not_found
Vallecchi (casa editrice),"Editori, riviste e quotidiani",,,,,,not_found
Valsecchi Turco,Varia,,,,,,not_found
Valverde,Varia,Q31132,Valverde,,,Valverde [it],found_no_dates
Vanni Emidio,Varia,,,,,,not_found
Vannocchi Alessandro,Varia,,,,,,not_found
Vaselli,Varia,Q99982005,Vaselli,,,Vaselli [it],found_no_dates
Vecchietti Dora,Varia,,,,,,not_found
Vecchietti Giorgio,Contatti letterari,Q3765812,Giorgio Vecchietti,1907,1975,Giorgio Vecchietti [it],found
Vergani Orio,Contatti letterari,Q513130,Orio Vergani,1899,1960,Orio Vergani [it],found
Veronesi Giulia,Contatti letterari,Q14469279,Giulia Veronesi,1906,1970,Giulia Veronesi [it],found
Vertù Luigi,Varia,,,,,,not_found
Vicari Giambattista,Contatti letterari,Q3762437,Giambattista Vicari,1909,1978,Giambattista Vicari [it],found
Vigevani Alberto,Contatti letterari,Q3608642,Alberto Vigevani,1918,1999,Alberto Vigevani [it],found
Vigevani Alberto e Annamaria,Contatti letterari,,,,,,not_found
Vigolo Giorgio,Contatti letterari,Q3765819,Giorgio Vigolo,1894,1983,Giorgio Vigolo [it],found
Vigorelli Giancarlo,Contatti letterari,Q3762985,Giancarlo Vigorelli,1913,2005,Giancarlo Vigorelli [it],found
Villoresi Tosi Emilia,Varia,,,,,,not_found
Viola Pier Luigi,Varia,,,,,,not_found
Viola Pietro e Ketty,Varia,,,,,,not_found
Virgili Agata,Varia,,,,,,not_found
Vita Finzi Paolo,Contatti letterari,,,,,,not_found
Vitagliano (casa editrice),"Editori, riviste e quotidiani",,,,,,not_found
Vitelli Armando,Varia,,,,,,not_found
Vittorini Delfina,Varia,,,,,,not_found
Vittorini Elio,Contatti letterari,Q468658,Elio Vittorini,1908,1966,Elio Vittorini [it],found
Vittorini Ginetta,Varia,,,,,,not_found
Vogliano Achille,Varia,Q3604435,Achille Vogliano,1881,1953,Achille Vogliano [it],found
Vogliano F.,Varia,,,,,,not_found
Voiture Enzo di Poppa,Varia,,,,,,not_found
Volpi Jacopo,Varia,,,,,,not_found
Volponi Carlo,Varia,,,,,,not_found
Vucetic Mirko,Contatti letterari,,,,,,not_found
Wahe F.,Varia,,,,,,not_found
Watze Heinz,Varia,,,,,,not_found
Weaver William,Contatti letterari,Q8020113,William Weaver,1923,2013,William Weaver [it],found
“(Die) Weltwoche”,"Editori, riviste e quotidiani",,,,,,not_found
Williams Orlo,Contatti letterari,Q109566071,Orlo Williams,1882,1937,Orlo Williams [it],found
Winderling Emilio,Varia,,,,,,not_found
Winderling Riccardo,Varia,,,,,,not_found
Wronecki J.P.,Varia,,,,,,not_found
Zampa Giorgio,Contatti letterari,Q24719241,Giorgio Zampa,1921,2008,Giorgio Zampa [it],found
Zampa Rina,Varia,,,,,,not_found
Zanini E.,Varia,,,,,,not_found
Zanzotto Andrea,Contatti letterari,Q495300,Andrea Zanzotto,1921,2011,Andrea Zanzotto [it],found
Zapelloni Carlo,Contatti letterari,,,,,,not_found
Zavattini Cesare,Contatti letterari,Q469164,Cesare Zavattini,1902,1989,Cesare Zavattini [it],found
Zenoglio Carlo,Varia,,,,,,not_found
Zinetti Risi Mariella,Varia,,,,,,not_found
Zuccala Oreste,Varia,,,,,,not_found
Zürcherbureau für Aufsuchung Vermisster,Varia,,,,,,not_found
